Param,Description,Value,Type,Max,Help
CC,"0/$00, Bank select : Refer to sounds list. No action on drumset. GS",0,"Track",127,"Bank select : Refer to sounds list. No action on drumset. GS"
CC,"1/$01, GM Controller, Modulation",0,"Track",127,"Modulation wheel. Rate and maximum depth can be set using SYSEX MIDI"
CC,"2/$02, ",0,"Track",127,""
CC,"3/$03, ",0,"Track",127,""
CC,"4/$04, ",64,"Track",127,""
CC,"5/$05, GM Controller, Portamento time",0,"Track",127,"GM Controller, Portamento time"
CC,"6/$06, MIDI, Data MSB",0,"Ignore",127,"MIDI, Data MSB, Used for RPN and NRPN entry"
CC,"7/$07, Main Volume (default=100)",100,"Track",127,"Main Volume (default=100)"
CC,"8/$08, Balance",64,"Track",127,"Balance"
CC,"9/$09, ",0,"Ignore",127,""
CC,"10/$0A, Pan",64,"Track",127,"Panorama"
CC,"11/$0B, Expression Pedal",127,"Track",127,"Expression (default=127)"
CC,"12/$0C, ",0,"Ignore",127,""
CC,"13/$0D, ",0,"Ignore",127,""
CC,"14/$0E, ",0,"Ignore",127,""
CC,"15/$0F, ",0,"Ignore",127,""
CC,"16/$10, ",0,"Ignore",127,""
CC,"17/$11, ",0,"Ignore",127,""
CC,"18/$12, ",0,"Ignore",127,""
CC,"19/$13, ",0,"Ignore",127,""
CC,"20/$14, ",0,"Ignore",127,""
CC,"21/$15, ",0,"Ignore",127,""
CC,"22/$16, ",0,"Ignore",127,""
CC,"23/$17, ",0,"Ignore",127,""
CC,"24/$18, ",0,"Ignore",127,""
CC,"25/$19, ",127,"Ignore",127,""
CC,"26/$1A, ",,"Ignore",127,""
CC,"27/$1B, ",0,"Ignore",127,""
CC,"28/$1C, ",0,"Ignore",127,""
CC,"29/$1D, ",0,"Ignore",127,""
CC,"30/$1E, ",64,"Ignore",127,""
CC,"31/$1F, ",0,"Ignore",127,""
CC,"32/$20, ",0,"Ignore",127,""
CC,"33/$21, ",0,"Ignore",127,""
CC,"34/$22, ",0,"Ignore",127,""
CC,"35/$23, ",0,"Ignore",127,""
CC,"36/$24, ",0,"Ignore",127,""
CC,"37/$25, ",0,"Ignore",127,""
CC,"38/$26, ",0,"Ignore",127,""
CC,"39/$27, ",0,"Ignore",127,""
CC,"40/$28, ",0,"Ignore",127,""
CC,"41/$29, ",0,"Ignore",127,""
CC,"42/$2A, ",0,"Ignore",127,""
CC,"43/$2B, ",0,"Ignore",127,""
CC,"44/$2C, ",0,"Ignore",127,""
CC,"45/$2D, ",0,"Ignore",127,""
CC,"46/$2E, ",0,"Ignore",127,""
CC,"47/$2F, ",0,"Ignore",127,""
CC,"48/$30, ",0,"Ignore",127,""
CC,"49/$31, ",0,"Ignore",127,""
CC,"50/$32, ",0,"Ignore",127,""
CC,"51/$33, ",0,"Ignore",127,""
CC,"52/$34, ",0,"Ignore",127,""
CC,"53/$35, ",0,"Ignore",127,""
CC,"54/$36, ",0,"Ignore",127,""
CC,"55/$37, ",0,"Ignore",127,""
CC,"56/$38, ",0,"Ignore",127,""
CC,"57/$39, ",0,"Ignore",127,""
CC,"58/$3A, ",0,"Ignore",127,""
CC,"59/$3B, ",0,"Ignore",127,""
CC,"60/$3C, ",0,"Ignore",127,""
CC,"61/$3D, ",0,"Ignore",127,""
CC,"62/$3E, ",0,"Ignore",127,""
CC,"63/$3F, ",0,"Ignore",127,""
CC,"64/$40, GM Controller, Damper pedal",0,"Trigger",127,"GM Controller, Damper pedal"
CC,"65/$41, GM Controller, Portamento",0,"Trigger",127,"GM Controller, Portamento"
CC,"66/$42, GM Controller, Sostenuto",0,"Trigger",127,"GM Controller, Sostenuto"
CC,"67/$43, GM Controller, Soft pedal",0,"Trigger",127,"GM Controller, Soft pedal"
CC,"68/$44, ",0,"Ignore",127,""
CC,"69/$45, ",0,"Ignore",127,""
CC,"70/$46, ",0,"Ignore",127,""
CC,"71/$47, ",0,"Ignore",127,""
CC,"72/$48, ",0,"Ignore",127,""
CC,"73/$49, ",0,"Ignore",127,""
CC,"74/$4A, ",0,"Ignore",127,""
CC,"75/$4B, ",0,"Ignore",127,""
CC,"76/$4C, ",0,"Ignore",127,""
CC,"77/$4D, ",0,"Ignore",127,""
CC,"78/$4E, ",0,"Ignore",127,""
CC,"79/$4F, ",0,"Ignore",127,""
CC,"80/$50, Reverb program",4,"Track",7,"Reverb program vv=00h to 07h (default 04h) 00h: Room1 01h: Room2 02h: Room3 03h: hall1 04h: Hall2 05h: Plate 06h: Delay 07h: Pan delay"
CC,"81/$51, Chorus program",0,"Track",7,"Chorus program vv=00h to 07h (default 02h) 00h: Chorus1 01h: Chorus2 02h: Chorus3 03h: Chorus4 04h: Feedback 05h: Flanger 06h: Short delay 07h: FB delay"
CC,"82/$52, ",0,"Ignore",127,""
CC,"83/$53, ",0,"Ignore",127,""
CC,"84/$54, ",0,"Ignore",127,""
CC,"85/$55, ",0,"Ignore",127,""
CC,"86/$56, ",0,"Ignore",127,""
CC,"87/$57, ",0,"Ignore",127,""
CC,"88/$58, ",0,"Ignore",127,""
CC,"89/$59, ",0,"Ignore",127,""
CC,"90/$5A, ",0,"Ignore",127,""
CC,"91/$5B, Reverb send level",0,"Track",127,"Reverb send level vv=00h to 7Fh GS"
CC,"92/$5C, ",0,"Ignore",127,""
CC,"93/$5D, Chorus send level",0,"Track",127,"Chorus send level vv=00h to 7Fh GS"
CC,"94/$5E, ",0,"Ignore",127,""
CC,"95/$5F, ",0,"Ignore",127,""
CC,"96/$60, ",0,"Trigger",127,""
CC,"97/$61, ",0,"Trigger",127,""
CC,"98/$62, MIDI, NPRN LSB",0,"Ignore",127,"MIDI, NPRN LSB"
CC,"99/$63, MIDI, NPRN MSB",0,"Ignore",127,"MIDI, NPRN MSB"
CC,"100/$64, MIDI, RPN LSB",0,"Ignore",127,"MIDI, RPN LSB"
CC,"101/$65, MIDI, RPN MSB",0,"Ignore",127,"MIDI, RPN MSB"
CC,"102/$66, ",0,"Ignore",127,""
CC,"103/$67, ",0,"Ignore",127,""
CC,"104/$68, ",0,"Ignore",127,""
CC,"105/$69, ",0,"Ignore",127,""
CC,"106/$6A, ",0,"Ignore",127,""
CC,"107/$6B, ",0,"Ignore",127,""
CC,"108/$6C, ",0,"Ignore",127,""
CC,"109/$6D, ",0,"Ignore",127,""
CC,"110/$6E, ",0,"Ignore",127,""
CC,"111/$6F, ",0,"Ignore",127,""
CC,"112/$70, ",0,"Ignore",127,""
CC,"113/$71, ",0,"Ignore",127,""
CC,"114/$72, ",0,"Ignore",127,""
CC,"115/$73, ",0,"Ignore",127,""
CC,"116/$74, ",0,"Ignore",127,""
CC,"117/$75, ",0,"Ignore",127,""
CC,"118/$76, ",0,"Ignore",127,""
CC,"119/$77, ",0,"Ignore",127,""
CC,"120/$78, MIDI, All Snd off",0,"Ignore",127,"MIDI, All Snd off, Standard Help Text"
CC,"121/$79, MIDI, Res. all Ct.",0,"Ignore",127,"MIDI, Res. all Ct., Standard Help Text"
CC,"122/$7A, MIDI, Local Contr.",0,"Ignore",127,"MIDI, Local Contr., Standard Help Text"
CC,"123/$7B, MIDI, A. Notes Off",0,"Ignore",127,"MIDI, A. Notes Off, Standard Help Text"
CC,"124/$7C, MIDI, OmniMode On",0,"Ignore",127,"MIDI, OmniMode On, Standard Help Text"
CC,"125/$7D, MIDI, OmniMode Off",127,"Ignore",127,"MIDI, OmniMode Off, Standard Help Text"
CC,"126/$7E, MIDI, MonoMode On",0,"Ignore",127,"MIDI, MonoMode On, Standard Help Text"
CC,"127/$7F, MIDI, PolyMode On",127,"Ignore",127,"MIDI, PolyMode On, Standard Help Text"
RPN,"0/$0000, Pitch bend sensitivity in semitones",2,"None",63,"Pitch bend sensitivity in semitones (default=2) MIDI/GM"
RPN,"1/$0001, Fine tuning in cents",64,"None",127,"Fine tuning in cents (vv=00 -100, vv=40h 0, vv=7Fh +100 MIDI"
RPN,"2/$0002, Coarse tuning in half-tones",64,"None",127,"Coarse tuning in half-tones (vv=00 -64, vv=40h 0, vv=7Fh +64 MIDI"
NRPN,"264/$0108, Vibrate rate modify (vv=40h -> no modif) GS  ",64,"Track",127,"Vibrate rate modify (vv=40h -> no modif) GS  "
NRPN,"265/$0109, Vibrate depth modify (vv=40h -> no modif) GS ",64,"Track",127,"Vibrate depth modify (vv=40h -> no modif) GS "
NRPN,"266/$010A, Vibrate delay modify (vv=40h -> no modif) GS ",64,"Track",127,"Vibrate delay modify (vv=40h -> no modif) GS "
NRPN,"288/$0120, TVF cutoff freq modify(vv=40h -> no modif) GS",64,"Track",127,"TVF cutoff freq modify(vv=40h -> no modif) GS"
NRPN,"289/$0121, TVF resonance modify (vv=40h -> no modif) GS ",64,"Track",127,"TVF resonance modify (vv=40h -> no modif) GS "
NRPN,"355/$0163, Env. attack time modify(vv=40h ->no modif) GS",64,"Track",127,"Env. attack time modify(vv=40h ->no modif) GS"
NRPN,"356/$0164, Env. decay time modify(vv=40h -> no modif) GS",64,"Track",127,"Env. decay time modify(vv=40h -> no modif) GS"
NRPN,"357/$0165, Env. release time modif(vv=40h ->no modif) GS",64,"Track",127,"Env. release time modif(vv=40h ->no modif) GS"
